PassengerId,Survived,Pclass,Sex,SibSp,Parch,Embarked,HasCabin,Title,CatAge,CatFare
1,0.0,3,male,1,0,S,False,Mr,0,0
2,1.0,1,female,1,0,C,True,Mrs,3,3
3,1.0,3,female,0,0,S,False,Miss,1,1
4,1.0,1,female,1,0,S,True,Mrs,2,3
5,0.0,3,male,0,0,S,False,Mr,2,1
6,0.0,3,male,0,0,Q,False,Mr,1,1
7,0.0,1,male,0,0,S,True,Mr,3,3
8,0.0,3,male,3,1,S,False,Master,0,2
9,1.0,3,female,0,2,S,False,Mrs,2,1
10,1.0,2,female,1,0,C,False,Mrs,0,2
11,1.0,3,female,1,1,S,True,Miss,0,2
12,1.0,1,female,0,0,S,True,Miss,3,2
13,0.0,3,male,0,0,S,False,Mr,0,1
14,0.0,3,male,1,5,S,False,Mr,3,2
15,0.0,3,female,0,0,S,False,Miss,0,0
16,1.0,2,female,0,0,S,False,Mrs,3,2
17,0.0,3,male,4,1,Q,False,Master,0,2
18,1.0,2,male,0,0,S,False,Mr,2,1
19,0.0,3,female,1,0,S,False,Mrs,2,2
20,1.0,3,female,0,0,C,False,Mrs,0,0
21,0.0,2,male,0,0,S,False,Mr,2,2
22,1.0,2,male,0,0,S,True,Mr,2,1
23,1.0,3,female,0,0,Q,False,Miss,0,1
24,1.0,1,male,0,0,S,True,Mr,2,3
25,0.0,3,female,3,1,S,False,Miss,0,2
26,1.0,3,female,1,5,S,False,Mrs,3,3
27,0.0,3,male,0,0,C,False,Mr,1,0
28,0.0,1,male,3,2,S,True,Mr,0,3
29,1.0,3,female,0,0,Q,False,Miss,0,0
30,0.0,3,male,0,0,S,False,Mr,1,0
31,0.0,1,male,0,0,C,False,Unique,3,2
32,1.0,1,female,1,0,C,True,Mrs,2,3
33,1.0,3,female,0,0,Q,False,Miss,0,0
34,0.0,2,male,0,0,S,False,Mr,3,1
35,0.0,1,male,1,0,C,False,Mr,2,3
36,0.0,1,male,1,0,S,False,Mr,3,3
37,1.0,3,male,0,0,C,False,Mr,1,0
38,0.0,3,male,0,0,S,False,Mr,0,1
39,0.0,3,female,2,0,S,False,Miss,0,2
40,1.0,3,female,1,0,C,False,Miss,0,1
41,0.0,3,female,1,0,S,False,Mrs,3,1
42,0.0,2,female,1,0,S,False,Mrs,2,2
43,0.0,3,male,0,0,C,False,Mr,1,0
44,1.0,2,female,1,2,C,False,Miss,0,3
45,1.0,3,female,0,0,Q,False,Miss,0,0
46,0.0,3,male,0,0,S,False,Mr,1,1
47,0.0,3,male,1,0,Q,False,Mr,1,2
48,1.0,3,female,0,0,Q,False,Miss,0,0
49,0.0,3,male,2,0,C,False,Mr,1,2
50,0.0,3,female,1,0,S,False,Mrs,0,2
51,0.0,3,male,4,1,S,False,Master,0,3
52,0.0,3,male,0,0,S,False,Mr,0,0
53,1.0,1,female,1,0,C,True,Mrs,3,3
54,1.0,2,female,1,0,S,False,Mrs,2,2
55,0.0,1,male,0,1,C,True,Mr,3,3
56,1.0,1,male,0,0,S,True,Mr,3,3
57,1.0,2,female,0,0,S,False,Miss,0,1
58,0.0,3,male,0,0,C,False,Mr,2,0
59,1.0,2,female,1,2,S,False,Miss,0,2
60,0.0,3,male,5,2,S,False,Master,0,3
61,0.0,3,male,0,0,C,False,Mr,0,0
62,1.0,1,female,0,0,S,True,Miss,3,3
63,0.0,1,male,1,0,S,True,Mr,3,3
64,0.0,3,male,3,2,S,False,Master,0,2
65,0.0,1,male,0,0,C,False,Mr,3,2
66,1.0,3,male,1,1,C,False,Master,1,2
67,1.0,2,female,0,0,S,True,Mrs,2,1
68,0.0,3,male,0,0,S,False,Mr,0,1
69,1.0,3,female,4,2,S,False,Miss,0,1
70,0.0,3,male,2,0,S,False,Mr,1,1
71,0.0,2,male,0,0,S,False,Mr,2,1
72,0.0,3,female,5,2,S,False,Miss,0,3
73,0.0,2,male,0,0,S,False,Mr,0,3
74,0.0,3,male,1,0,C,False,Mr,1,1
75,1.0,3,male,0,0,S,False,Mr,2,3
76,0.0,3,male,0,0,S,True,Mr,1,0
77,0.0,3,male,0,0,S,False,Mr,1,0
78,0.0,3,male,0,0,S,False,Mr,1,1
79,1.0,2,male,0,2,S,False,Master,0,2
80,1.0,3,female,0,0,S,False,Miss,2,1
81,0.0,3,male,0,0,S,False,Mr,0,1
82,1.0,3,male,0,0,S,False,Mr,2,1
83,1.0,3,female,0,0,Q,False,Miss,0,0
84,0.0,1,male,0,0,S,False,Mr,2,3
85,1.0,2,female,0,0,S,False,Miss,0,1
86,1.0,3,female,3,0,S,False,Mrs,2,2
87,0.0,3,male,1,3,S,False,Mr,0,3
88,0.0,3,male,0,0,S,False,Mr,1,1
89,1.0,1,female,3,2,S,True,Miss,1,3
90,0.0,3,male,0,0,S,False,Mr,1,1
91,0.0,3,male,0,0,S,False,Mr,2,1
92,0.0,3,male,0,0,S,False,Mr,0,0
93,0.0,1,male,1,0,S,True,Mr,3,3
94,0.0,3,male,1,2,S,False,Mr,1,2
95,0.0,3,male,0,0,S,False,Mr,3,0
96,0.0,3,male,0,0,S,False,Mr,1,1
97,0.0,1,male,0,0,C,True,Mr,3,3
98,1.0,1,male,0,1,C,True,Mr,1,3
99,1.0,2,female,0,1,S,False,Mrs,2,2
100,0.0,2,male,1,0,S,False,Mr,2,2
101,0.0,3,female,0,0,S,False,Miss,2,0
102,0.0,3,male,0,0,S,False,Mr,1,0
103,0.0,1,male,0,1,S,True,Mr,0,3
104,0.0,3,male,0,0,S,False,Mr,2,1
105,0.0,3,male,2,0,S,False,Mr,3,1
106,0.0,3,male,0,0,S,False,Mr,2,0
107,1.0,3,female,0,0,S,False,Miss,0,0
108,1.0,3,male,0,0,S,False,Mr,1,0
109,0.0,3,male,0,0,S,False,Mr,3,0
110,1.0,3,female,1,0,Q,False,Miss,0,2
111,0.0,1,male,0,0,S,True,Mr,3,3
112,0.0,3,female,1,0,C,False,Miss,0,1
113,0.0,3,male,0,0,S,False,Mr,0,1
114,0.0,3,female,1,0,S,False,Miss,0,1
115,0.0,3,female,0,0,C,False,Miss,0,2
116,0.0,3,male,0,0,S,False,Mr,0,1
117,0.0,3,male,0,0,Q,False,Mr,3,0
118,0.0,2,male,1,0,S,False,Mr,2,2
119,0.0,1,male,0,1,C,True,Mr,1,3
120,0.0,3,female,4,2,S,False,Miss,0,2
121,0.0,2,male,2,0,S,False,Mr,0,3
122,0.0,3,male,0,0,S,False,Mr,1,1
123,0.0,2,male,1,0,C,False,Mr,2,2
124,1.0,2,female,0,0,S,True,Miss,2,1
125,0.0,1,male,0,1,S,True,Mr,3,3
126,1.0,3,male,1,0,C,False,Master,0,1
127,0.0,3,male,0,0,Q,False,Mr,1,0
128,1.0,3,male,0,0,S,False,Mr,1,0
129,1.0,3,female,1,1,C,True,Miss,0,2
130,0.0,3,male,0,0,S,False,Mr,3,0
131,0.0,3,male,0,0,C,False,Mr,2,0
132,0.0,3,male,0,0,S,False,Mr,0,0
133,0.0,3,female,1,0,S,False,Mrs,3,2
134,1.0,2,female,1,0,S,False,Mrs,2,2
135,0.0,2,male,0,0,S,False,Mr,1,1
136,0.0,2,male,0,0,C,False,Mr,1,2
137,1.0,1,female,0,2,S,True,Miss,0,2
138,0.0,1,male,1,0,S,True,Mr,3,3
139,0.0,3,male,0,0,S,False,Mr,0,1
140,0.0,1,male,0,0,C,True,Mr,1,3
141,0.0,3,female,0,2,C,False,Mrs,0,2
142,1.0,3,female,0,0,S,False,Miss,0,0
143,1.0,3,female,1,0,S,False,Mrs,1,2
144,0.0,3,male,0,0,Q,False,Mr,0,0
145,0.0,2,male,0,0,S,False,Mr,0,1
146,0.0,2,male,1,1,S,False,Mr,0,3
147,1.0,3,male,0,0,S,False,Mr,2,0
148,0.0,3,female,2,2,S,False,Miss,0,3
149,0.0,2,male,0,2,S,True,Mr,3,2
150,0.0,2,male,0,0,S,False,Unique,3,1
151,0.0,2,male,0,0,S,False,Unique,3,1
152,1.0,1,female,1,0,S,True,Mrs,0,3
153,0.0,3,male,0,0,S,False,Mr,3,1
154,0.0,3,male,0,2,S,False,Mr,3,2
155,0.0,3,male,0,0,S,False,Mr,1,0
156,0.0,1,male,0,1,C,False,Mr,3,3
157,1.0,3,female,0,0,Q,False,Miss,0,0
158,0.0,3,male,0,0,S,False,Mr,2,1
159,0.0,3,male,0,0,S,False,Mr,1,1
160,0.0,3,male,8,2,S,False,Master,1,3
161,0.0,3,male,0,1,S,False,Mr,3,2
162,1.0,2,female,0,0,S,False,Mrs,3,2
163,0.0,3,male,0,0,S,False,Mr,1,0
164,0.0,3,male,0,0,S,False,Mr,0,1
165,0.0,3,male,4,1,S,False,Master,0,3
166,1.0,3,male,0,2,S,False,Master,0,2
167,1.0,1,female,0,1,S,True,Mrs,2,3
168,0.0,3,female,1,4,S,False,Mrs,3,2
169,0.0,1,male,0,0,S,False,Mr,3,2
170,0.0,3,male,0,0,S,False,Mr,2,3
171,0.0,1,male,0,0,S,True,Mr,3,3
172,0.0,3,male,4,1,Q,False,Master,0,2
173,1.0,3,female,1,1,S,False,Miss,0,1
174,0.0,3,male,0,0,S,False,Mr,0,1
175,0.0,1,male,0,0,C,True,Mr,3,2
176,0.0,3,male,1,1,S,False,Mr,0,0
177,0.0,3,male,3,1,S,False,Master,1,2
178,0.0,1,female,0,0,C,True,Miss,3,2
179,0.0,2,male,0,0,S,False,Mr,2,1
180,0.0,3,male,0,0,S,False,Mr,2,0
181,0.0,3,female,8,2,S,False,Miss,0,3
182,0.0,2,male,0,0,C,False,Mr,2,2
183,0.0,3,male,4,2,S,False,Master,0,3
184,1.0,2,male,2,1,S,True,Master,0,3
185,1.0,3,female,0,2,S,False,Miss,0,2
186,0.0,1,male,0,0,S,True,Mr,3,3
187,1.0,3,female,1,0,Q,False,Mrs,0,2
188,1.0,1,male,0,0,S,False,Mr,3,2
189,0.0,3,male,1,1,Q,False,Mr,3,2
190,0.0,3,male,0,0,S,False,Mr,2,0
191,1.0,2,female,0,0,S,False,Mrs,2,1
192,0.0,2,male,0,0,S,False,Mr,0,1
193,1.0,3,female,1,0,S,False,Miss,0,0
194,1.0,2,male,1,1,S,True,Master,0,2
195,1.0,1,female,0,0,C,True,Mrs,3,2
196,1.0,1,female,0,0,C,True,Miss,3,3
197,0.0,3,male,0,0,Q,False,Mr,1,0
198,0.0,3,male,0,1,S,False,Mr,3,1
199,1.0,3,female,0,0,Q,False,Miss,0,0
200,0.0,2,female,0,0,S,False,Miss,1,1
201,0.0,3,male,0,0,S,False,Mr,2,1
202,0.0,3,male,8,2,S,False,Mr,1,3
203,0.0,3,male,0,0,S,False,Mr,2,0
204,0.0,3,male,0,0,C,False,Mr,3,0
205,1.0,3,male,0,0,S,False,Mr,0,1
206,0.0,3,female,0,1,S,True,Miss,0,1
207,0.0,3,male,1,0,S,False,Mr,2,2
208,1.0,3,male,0,0,C,False,Mr,1,2
209,1.0,3,female,0,0,Q,False,Miss,0,0
210,1.0,1,male,0,0,C,True,Mr,3,2
211,0.0,3,male,0,0,S,False,Mr,1,0
212,1.0,2,female,0,0,S,False,Miss,2,2
213,0.0,3,male,0,0,S,False,Mr,0,0
214,0.0,2,male,0,0,S,False,Mr,2,1
215,0.0,3,male,1,0,Q,False,Mr,1,0
216,1.0,1,female,1,0,C,True,Miss,2,3
217,1.0,3,female,0,0,S,False,Miss,2,1
218,0.0,2,male,1,0,S,False,Mr,3,2
219,1.0,1,female,0,0,C,True,Miss,2,3
220,0.0,2,male,0,0,S,False,Mr,2,1
221,1.0,3,male,0,0,S,False,Mr,0,1
222,0.0,2,male,0,0,S,False,Mr,2,1
223,0.0,3,male,0,0,S,False,Mr,3,1
224,0.0,3,male,0,0,S,False,Mr,1,0
225,1.0,1,male,1,0,S,True,Mr,3,3
226,0.0,3,male,0,0,S,False,Mr,0,1
227,1.0,2,male,0,0,S,False,Mr,0,1
228,0.0,3,male,0,0,S,False,Mr,0,0
229,0.0,2,male,0,0,S,False,Mr,0,1
230,0.0,3,female,3,1,S,False,Miss,0,2
231,1.0,1,female,1,0,S,True,Mrs,2,3
232,0.0,3,male,0,0,S,False,Mr,2,0
233,0.0,2,male,0,0,S,False,Mr,3,1
234,1.0,3,female,4,2,S,False,Miss,0,3
235,0.0,2,male,0,0,S,False,Mr,1,1
236,0.0,3,female,0,0,S,False,Miss,0,0
237,0.0,2,male,1,0,S,False,Mr,3,2
238,1.0,2,female,0,2,S,False,Miss,0,2
239,0.0,2,male,0,0,S,False,Mr,0,1
240,0.0,2,male,0,0,S,False,Mr,2,1
241,0.0,3,female,1,0,C,False,Miss,0,1
242,1.0,3,female,1,0,Q,False,Miss,0,2
243,0.0,2,male,0,0,S,False,Mr,2,1
244,0.0,3,male,0,0,S,False,Mr,0,0
245,0.0,3,male,0,0,C,False,Mr,2,0
246,0.0,1,male,2,0,Q,True,Unique,3,3
247,0.0,3,female,0,0,S,False,Miss,1,0
248,1.0,2,female,0,2,S,False,Mrs,1,2
249,1.0,1,male,1,1,S,True,Mr,3,3
250,0.0,2,male,1,0,S,False,Unique,3,2
251,0.0,3,male,0,0,S,False,Mr,1,0
252,0.0,3,female,1,1,S,True,Mrs,2,1
253,0.0,1,male,0,0,S,True,Mr,3,2
254,0.0,3,male,1,0,S,False,Mr,2,2
255,0.0,3,female,0,2,S,False,Mrs,3,2
256,1.0,3,female,0,2,C,False,Mrs,2,2
257,1.0,1,female,0,0,C,False,Mrs,2,3
258,1.0,1,female,0,0,S,True,Miss,2,3
259,1.0,1,female,0,0,C,False,Miss,2,3
260,1.0,2,female,0,1,S,False,Mrs,3,2
261,0.0,3,male,0,0,Q,False,Mr,1,0
262,1.0,3,male,4,2,S,False,Master,0,3
263,0.0,1,male,1,1,S,True,Mr,3,3
264,0.0,1,male,0,0,S,True,Mr,3,0
265,0.0,3,female,0,0,Q,False,Miss,0,0
266,0.0,2,male,0,0,S,False,Mr,2,1
267,0.0,3,male,4,1,S,False,Mr,0,3
268,1.0,3,male,1,0,S,False,Mr,1,0
269,1.0,1,female,0,1,S,True,Mrs,3,3
270,1.0,1,female,0,0,S,True,Miss,2,3
271,0.0,1,male,0,0,S,False,Mr,3,2
272,1.0,3,male,0,0,S,False,Mr,1,0
273,1.0,2,female,0,1,S,False,Mrs,3,2
274,0.0,1,male,0,1,C,True,Mr,3,2
275,1.0,3,female,0,0,Q,False,Miss,0,0
276,1.0,1,female,1,0,S,True,Miss,3,3
277,0.0,3,female,0,0,S,False,Miss,3,0
278,0.0,2,male,0,0,S,False,Mr,2,0
279,0.0,3,male,4,1,Q,False,Master,0,2
280,1.0,3,female,1,1,S,False,Mrs,2,2
281,0.0,3,male,0,0,Q,False,Mr,3,0
282,0.0,3,male,0,0,S,False,Mr,2,0
283,0.0,3,male,0,0,S,False,Mr,0,1
284,1.0,3,male,0,0,S,False,Mr,0,1
285,0.0,1,male,0,0,S,True,Mr,3,2
286,0.0,3,male,0,0,C,False,Mr,2,1
287,1.0,3,male,0,0,S,False,Mr,2,1
288,0.0,3,male,0,0,S,False,Mr,0,0
289,1.0,2,male,0,0,S,False,Mr,3,1
290,1.0,3,female,0,0,Q,False,Miss,0,0
291,1.0,1,female,0,0,S,False,Miss,1,3
292,1.0,1,female,1,0,C,True,Mrs,0,3
293,0.0,2,male,0,0,C,True,Mr,2,1
294,0.0,3,female,0,0,S,False,Miss,1,1
295,0.0,3,male,0,0,S,False,Mr,1,0
296,0.0,1,male,0,0,C,False,Mr,3,2
297,0.0,3,male,0,0,C,False,Mr,1,0
298,0.0,1,female,1,2,S,True,Miss,0,3
299,1.0,1,male,0,0,S,True,Mr,3,2
300,1.0,1,female,0,1,C,True,Mrs,3,3
301,1.0,3,female,0,0,Q,False,Miss,0,0
302,1.0,3,male,2,0,Q,False,Mr,1,2
303,0.0,3,male,0,0,S,False,Mr,0,0
304,1.0,2,female,0,0,Q,True,Miss,2,1
305,0.0,3,male,0,0,S,False,Mr,1,1
306,1.0,1,male,1,2,S,True,Master,0,3
307,1.0,1,female,0,0,C,False,Miss,2,3
308,1.0,1,female,1,0,C,True,Mrs,0,3
309,0.0,2,male,1,0,C,False,Mr,2,2
310,1.0,1,female,0,0,C,True,Miss,2,3
311,1.0,1,female,0,0,C,True,Miss,1,3
312,1.0,1,female,2,2,C,True,Miss,0,3
313,0.0,2,female,1,1,S,False,Mrs,1,2
314,0.0,3,male,0,0,S,False,Mr,2,0
315,0.0,2,male,1,1,S,False,Mr,3,2
316,1.0,3,female,0,0,S,False,Miss,1,0
317,1.0,2,female,1,0,S,False,Mrs,1,2
318,0.0,2,male,0,0,S,False,Unique,3,1
319,1.0,1,female,0,2,S,True,Miss,2,3
320,1.0,1,female,1,1,C,True,Mrs,3,3
321,0.0,3,male,0,0,S,False,Mr,0,0
322,0.0,3,male,0,0,S,False,Mr,2,0
323,1.0,2,female,0,0,Q,False,Miss,2,1
324,1.0,2,female,1,1,S,False,Mrs,0,2
325,0.0,3,male,8,2,S,False,Mr,1,3
326,1.0,1,female,0,0,C,True,Miss,2,3
327,0.0,3,male,0,0,S,False,Mr,3,0
328,1.0,2,female,0,0,S,True,Mrs,2,1
329,1.0,3,female,1,1,S,False,Mrs,2,2
330,1.0,1,female,0,1,C,True,Miss,0,3
331,1.0,3,female,2,0,Q,False,Miss,0,2
332,0.0,1,male,0,0,S,True,Mr,3,2
333,0.0,1,male,0,1,S,True,Mr,3,3
334,0.0,3,male,2,0,S,False,Mr,0,2
335,1.0,1,female,1,0,S,False,Mrs,2,3
336,0.0,3,male,0,0,S,False,Mr,1,0
337,0.0,1,male,1,0,S,True,Mr,2,3
338,1.0,1,female,0,0,C,True,Miss,3,3
339,1.0,3,male,0,0,S,False,Mr,3,1
340,0.0,1,male,0,0,S,True,Mr,3,3
341,1.0,2,male,1,1,S,True,Master,0,2
342,1.0,1,female,3,2,S,True,Miss,1,3
343,0.0,2,male,0,0,S,False,Mr,2,1
344,0.0,2,male,0,0,S,False,Mr,1,1
345,0.0,2,male,0,0,S,False,Mr,2,1
346,1.0,2,female,0,0,S,True,Miss,1,1
347,1.0,2,female,0,0,S,False,Miss,3,1
348,1.0,3,female,1,0,S,False,Mrs,0,2
349,1.0,3,male,1,1,S,False,Master,0,2
350,0.0,3,male,0,0,S,False,Mr,3,1
351,0.0,3,male,0,0,S,False,Mr,1,1
352,0.0,1,male,0,0,S,True,Mr,3,3
353,0.0,3,male,1,1,C,False,Mr,0,0
354,0.0,3,male,1,0,S,False,Mr,1,2
355,0.0,3,male,0,0,C,False,Mr,1,0
356,0.0,3,male,0,0,S,False,Mr,2,1
357,1.0,1,female,0,1,S,True,Miss,0,3
358,0.0,2,female,0,0,S,False,Miss,3,1
359,1.0,3,female,0,0,Q,False,Miss,0,0
360,1.0,3,female,0,0,Q,False,Miss,0,0
361,0.0,3,male,1,4,S,False,Mr,3,2
362,0.0,2,male,1,0,C,False,Mr,2,2
363,0.0,3,female,0,1,C,False,Mrs,3,1
364,0.0,3,male,0,0,S,False,Mr,2,0
365,0.0,3,male,1,0,Q,False,Mr,1,2
366,0.0,3,male,0,0,S,False,Mr,2,0
367,1.0,1,female,1,0,C,True,Mrs,3,3
368,1.0,3,female,0,0,C,False,Mrs,0,0
369,1.0,3,female,0,0,Q,False,Miss,0,0
370,1.0,1,female,0,0,C,True,Mr,1,3
371,1.0,1,male,1,0,C,True,Mr,1,3
372,0.0,3,male,1,0,S,False,Mr,0,0
373,0.0,3,male,0,0,S,False,Mr,0,1
374,0.0,1,male,0,0,C,False,Mr,0,3
375,0.0,3,female,3,1,S,False,Miss,0,2
376,1.0,1,female,1,0,C,False,Mrs,2,3
377,1.0,3,female,0,0,S,False,Miss,0,0
378,0.0,1,male,0,2,C,True,Mr,2,3
379,0.0,3,male,0,0,C,False,Mr,0,0
380,0.0,3,male,0,0,S,False,Mr,0,0
381,1.0,1,female,0,0,C,False,Miss,3,3
382,1.0,3,female,0,2,C,False,Miss,0,2
383,0.0,3,male,0,0,S,False,Mr,2,1
384,1.0,1,female,1,0,S,False,Mrs,2,3
385,0.0,3,male,0,0,S,False,Mr,1,0
386,0.0,2,male,0,0,S,False,Mr,0,3
387,0.0,3,male,5,2,S,False,Master,0,3
388,1.0,2,female,0,0,S,False,Miss,2,1
389,0.0,3,male,0,0,Q,False,Mr,1,0
390,1.0,2,female,0,0,C,False,Miss,0,1
391,1.0,1,male,1,2,S,True,Mr,2,3
392,1.0,3,male,0,0,S,False,Mr,0,0
393,0.0,3,male,2,0,S,False,Mr,2,1
394,1.0,1,female,1,0,C,True,Miss,1,3
395,1.0,3,female,0,2,S,True,Mrs,1,2
396,0.0,3,male,0,0,S,False,Mr,0,0
397,0.0,3,female,0,0,S,False,Miss,2,0
398,0.0,2,male,0,0,S,False,Mr,3,2
399,0.0,2,male,0,0,S,False,Unique,1,1
400,1.0,2,female,0,0,S,False,Mrs,2,1
401,1.0,3,male,0,0,S,False,Mr,3,1
402,0.0,3,male,0,0,S,False,Mr,1,1
403,0.0,3,female,1,0,S,False,Miss,0,1
404,0.0,3,male,1,0,S,False,Mr,2,2
405,0.0,3,female,0,0,S,False,Miss,0,1
406,0.0,2,male,1,0,S,False,Mr,2,2
407,0.0,3,male,0,0,S,False,Mr,3,0
408,1.0,2,male,1,1,S,False,Master,0,2
409,0.0,3,male,0,0,S,False,Mr,0,0
410,0.0,3,female,3,1,S,False,Miss,0,2
411,0.0,3,male,0,0,S,False,Mr,1,0
412,0.0,3,male,0,0,Q,False,Mr,1,0
413,1.0,1,female,1,0,Q,True,Miss,2,3
414,0.0,2,male,0,0,S,False,Mr,2,0
415,1.0,3,male,0,0,S,False,Mr,3,1
416,0.0,3,female,0,0,S,False,Mrs,0,1
417,1.0,2,female,1,1,S,False,Mrs,2,3
418,1.0,2,female,0,2,S,False,Miss,0,1
419,0.0,2,male,0,0,S,False,Mr,2,1
420,0.0,3,female,0,2,S,False,Miss,0,2
421,0.0,3,male,0,0,C,False,Mr,1,0
422,0.0,3,male,0,0,Q,False,Mr,0,0
423,0.0,3,male,0,0,S,False,Mr,2,0
424,0.0,3,female,1,1,S,False,Mrs,2,1
425,0.0,3,male,1,1,S,False,Mr,0,2
426,0.0,3,male,0,0,S,False,Mr,1,0
427,1.0,2,female,1,0,S,False,Mrs,2,2
428,1.0,2,female,0,0,S,False,Miss,0,2
429,0.0,3,male,0,0,Q,False,Mr,1,0
430,1.0,3,male,0,0,S,True,Mr,2,1
431,1.0,1,male,0,0,S,True,Mr,2,2
432,1.0,3,female,1,0,S,False,Mrs,0,2
433,1.0,2,female,1,0,S,False,Mrs,3,2
434,0.0,3,male,0,0,S,False,Mr,0,0
435,0.0,1,male,1,0,S,True,Mr,3,3
436,1.0,1,female,1,2,S,True,Miss,0,3
437,0.0,3,female,2,2,S,False,Miss,0,3
438,1.0,2,female,2,3,S,False,Mrs,1,2
439,0.0,1,male,1,4,S,True,Mr,3,3
440,0.0,2,male,0,0,S,False,Mr,2,1
441,1.0,2,female,1,1,S,False,Mrs,3,2
442,0.0,3,male,0,0,S,False,Mr,0,1
443,0.0,3,male,1,0,S,False,Mr,1,0
444,1.0,2,female,0,0,S,False,Miss,2,1
445,1.0,3,male,0,0,S,False,Mr,1,1
446,1.0,1,male,0,2,S,True,Master,0,3
447,1.0,2,female,0,1,S,False,Miss,0,2
448,1.0,1,male,0,0,S,False,Mr,2,2
449,1.0,3,female,2,1,C,False,Miss,0,2
450,1.0,1,male,0,0,S,True,Unique,3,2
451,0.0,2,male,1,2,S,False,Mr,2,2
452,0.0,3,male,1,0,S,False,Mr,1,2
453,0.0,1,male,0,0,C,True,Mr,2,2
454,1.0,1,male,1,0,C,True,Mr,3,3
455,0.0,3,male,0,0,S,False,Mr,1,1
456,1.0,3,male,0,0,C,False,Mr,2,0
457,0.0,1,male,0,0,S,True,Mr,3,2
458,1.0,1,female,1,0,S,True,Mrs,2,3
459,1.0,2,female,0,0,S,False,Miss,3,1
460,0.0,3,male,0,0,Q,False,Mr,1,0
461,1.0,1,male,0,0,S,True,Mr,3,2
462,0.0,3,male,0,0,S,False,Mr,2,1
463,0.0,1,male,0,0,S,True,Mr,3,3
464,0.0,2,male,0,0,S,False,Mr,3,1
465,0.0,3,male,0,0,S,False,Mr,1,1
466,0.0,3,male,0,0,S,False,Mr,3,0
467,0.0,2,male,0,0,S,False,Mr,2,0
468,0.0,1,male,0,0,S,False,Mr,3,2
469,0.0,3,male,0,0,Q,False,Mr,1,0
470,1.0,3,female,2,1,C,False,Miss,0,2
471,0.0,3,male,0,0,S,False,Mr,1,0
472,0.0,3,male,0,0,S,False,Mr,3,1
473,1.0,2,female,1,2,S,False,Mrs,2,2
474,1.0,2,female,0,0,C,True,Mrs,1,1
475,0.0,3,female,0,0,S,False,Miss,0,1
476,0.0,1,male,0,0,S,True,Mr,3,3
477,0.0,2,male,1,0,S,False,Mr,2,2
478,0.0,3,male,1,0,S,False,Mr,2,0
479,0.0,3,male,0,0,S,False,Mr,0,0
480,1.0,3,female,0,1,S,False,Miss,0,1
481,0.0,3,male,5,2,S,False,Master,0,3
482,0.0,2,male,0,0,S,False,Mr,2,0
483,0.0,3,male,0,0,S,False,Mr,3,1
484,1.0,3,female,0,0,S,False,Mrs,3,1
485,1.0,1,male,1,0,C,True,Mr,1,3
486,0.0,3,female,3,1,S,False,Miss,0,2
487,1.0,1,female,1,0,S,True,Mrs,2,3
488,0.0,1,male,0,0,C,True,Mr,3,2
489,0.0,3,male,0,0,S,False,Mr,2,1
490,1.0,3,male,1,1,S,False,Master,0,2
491,0.0,3,male,1,0,S,False,Mr,1,2
492,0.0,3,male,0,0,S,False,Mr,0,0
493,0.0,1,male,0,0,S,True,Mr,3,2
494,0.0,1,male,0,0,C,False,Mr,3,3
495,0.0,3,male,0,0,S,False,Mr,0,1
496,0.0,3,male,0,0,C,False,Mr,1,2
497,1.0,1,female,1,0,C,True,Miss,3,3
498,0.0,3,male,0,0,S,False,Mr,1,2
499,0.0,1,female,1,2,S,True,Mrs,1,3
500,0.0,3,male,0,0,S,False,Mr,1,0
501,0.0,3,male,0,0,S,False,Mr,0,1
502,0.0,3,female,0,0,Q,False,Miss,0,0
503,0.0,3,female,0,0,Q,False,Miss,0,0
504,0.0,3,female,0,0,S,False,Miss,3,1
505,1.0,1,female,0,0,S,True,Miss,0,3
506,0.0,1,male,1,0,C,True,Mr,0,3
507,1.0,2,female,0,2,S,False,Mrs,2,2
508,1.0,1,male,0,0,S,False,Mr,3,2
509,0.0,3,male,0,0,S,False,Mr,2,2
510,1.0,3,male,0,0,S,False,Mr,1,3
511,1.0,3,male,0,0,Q,False,Mr,2,0
512,0.0,3,male,0,0,S,False,Mr,1,1
513,1.0,1,male,0,0,S,True,Mr,2,2
514,1.0,1,female,1,0,C,False,Mrs,3,3
515,0.0,3,male,0,0,S,False,Mr,1,0
516,0.0,1,male,0,0,S,True,Mr,3,3
517,1.0,2,female,0,0,S,True,Mrs,2,1
518,0.0,3,male,0,0,Q,False,Mr,1,2
519,1.0,2,female,1,0,S,False,Mrs,2,2
520,0.0,3,male,0,0,S,False,Mr,2,0
521,1.0,1,female,0,0,S,True,Miss,2,3
522,0.0,3,male,0,0,S,False,Mr,0,0
523,0.0,3,male,0,0,C,False,Mr,1,0
524,1.0,1,female,0,1,C,True,Mrs,3,3
525,0.0,3,male,0,0,C,False,Mr,1,0
526,0.0,3,male,0,0,Q,False,Mr,3,0
527,1.0,2,female,0,0,S,False,Miss,3,1
528,0.0,1,male,0,0,S,True,Mr,3,3
529,0.0,3,male,0,0,S,False,Mr,3,1
530,0.0,2,male,2,1,S,False,Mr,1,1
531,1.0,2,female,1,1,S,False,Miss,0,2
532,0.0,3,male,0,0,C,False,Mr,1,0
533,0.0,3,male,1,1,C,False,Mr,0,0
534,1.0,3,female,0,2,C,False,Mrs,0,2
535,0.0,3,female,0,0,S,False,Miss,2,1
536,1.0,2,female,0,2,S,False,Miss,0,2
537,0.0,1,male,0,0,S,True,Unique,3,2
538,1.0,1,female,0,0,C,False,Miss,2,3
539,0.0,3,male,0,0,S,False,Mr,1,2
540,1.0,1,female,0,2,C,True,Miss,0,3
541,1.0,1,female,0,2,S,True,Miss,2,3
542,0.0,3,female,4,2,S,False,Miss,0,2
543,0.0,3,female,4,2,S,False,Miss,0,2
544,1.0,2,male,1,0,S,False,Mr,2,2
545,0.0,1,male,1,0,C,True,Mr,3,3
546,0.0,1,male,0,0,S,False,Mr,3,2
547,1.0,2,female,1,0,S,False,Mrs,0,2
548,1.0,2,male,0,0,C,False,Mr,2,1
549,0.0,3,male,1,1,S,False,Mr,2,2
550,1.0,2,male,1,1,S,False,Master,0,3
551,1.0,1,male,0,2,C,True,Mr,0,3
552,0.0,2,male,0,0,S,False,Mr,2,2
553,0.0,3,male,0,0,Q,False,Mr,1,0
554,1.0,3,male,0,0,C,False,Mr,0,0
555,1.0,3,female,0,0,S,False,Miss,0,0
556,0.0,1,male,0,0,S,False,Mr,3,2
557,1.0,1,female,1,0,C,True,Unique,3,3
558,0.0,1,male,0,0,C,False,Mr,3,3
559,1.0,1,female,1,1,S,True,Mrs,3,3
560,1.0,3,female,1,0,S,False,Mrs,2,2
561,0.0,3,male,0,0,Q,False,Mr,1,0
562,0.0,3,male,0,0,S,False,Mr,3,0
563,0.0,2,male,0,0,S,False,Mr,2,1
564,0.0,3,male,0,0,S,False,Mr,1,1
565,0.0,3,female,0,0,S,False,Miss,0,1
566,0.0,3,male,2,0,S,False,Mr,1,2
567,0.0,3,male,0,0,S,False,Mr,0,0
568,0.0,3,female,0,4,S,False,Mrs,2,2
569,0.0,3,male,0,0,C,False,Mr,1,0
570,1.0,3,male,0,0,S,False,Mr,2,0
571,1.0,2,male,0,0,S,False,Mr,3,1
572,1.0,1,female,2,0,S,True,Mrs,3,3
573,1.0,1,male,0,0,S,True,Mr,2,2
574,1.0,3,female,0,0,Q,False,Miss,0,0
575,0.0,3,male,0,0,S,False,Mr,0,1
576,0.0,3,male,0,0,S,False,Mr,0,2
577,1.0,2,female,0,0,S,False,Miss,2,1
578,1.0,1,female,1,0,S,True,Mrs,3,3
579,0.0,3,female,1,0,C,False,Mrs,0,2
580,1.0,3,male,0,0,S,False,Mr,2,1
581,1.0,2,female,1,1,S,False,Miss,1,2
582,1.0,1,female,1,1,C,True,Mrs,3,3
583,0.0,2,male,0,0,S,False,Mr,3,2
584,0.0,1,male,0,0,C,True,Mr,2,3
585,0.0,3,male,0,0,C,False,Mr,1,1
586,1.0,1,female,0,2,S,True,Miss,0,3
587,0.0,2,male,0,0,S,False,Mr,3,2
588,1.0,1,male,1,1,C,True,Mr,3,3
589,0.0,3,male,0,0,S,False,Mr,0,1
590,0.0,3,male,0,0,S,False,Mr,1,1
591,0.0,3,male,0,0,S,False,Mr,2,0
592,1.0,1,female,1,0,C,True,Mrs,3,3
593,0.0,3,male,0,0,S,False,Mr,3,0
594,0.0,3,female,0,2,Q,False,Miss,0,0
595,0.0,2,male,1,0,S,False,Mr,3,2
596,0.0,3,male,1,1,S,False,Mr,2,2
597,1.0,2,female,0,0,S,False,Miss,2,3
598,0.0,3,male,0,0,S,False,Mr,3,0
599,0.0,3,male,0,0,C,False,Mr,1,0
600,1.0,1,male,1,0,C,True,Unique,3,3
601,1.0,2,female,2,1,S,False,Mrs,1,2
602,0.0,3,male,0,0,S,False,Mr,1,0
603,0.0,1,male,0,0,S,False,Mr,3,3
604,0.0,3,male,0,0,S,False,Mr,3,1
605,1.0,1,male,0,0,C,False,Mr,2,2
606,0.0,3,male,1,0,S,False,Mr,2,2
607,0.0,3,male,0,0,S,False,Mr,2,0
608,1.0,1,male,0,0,S,False,Mr,2,2
609,1.0,2,female,1,2,C,False,Mrs,0,3
610,1.0,1,female,0,0,S,True,Miss,3,3
611,0.0,3,female,1,5,S,False,Mrs,3,2
612,0.0,3,male,0,0,S,False,Mr,1,0
613,1.0,3,female,1,0,Q,False,Miss,0,2
614,0.0,3,male,0,0,Q,False,Mr,1,0
615,0.0,3,male,0,0,S,False,Mr,2,1
616,1.0,2,female,1,2,S,False,Miss,1,3
617,0.0,3,male,1,1,S,False,Mr,2,1
618,0.0,3,female,1,0,S,False,Mrs,1,2
619,1.0,2,female,2,1,S,True,Miss,0,3
620,0.0,2,male,0,0,S,False,Mr,1,1
621,0.0,3,male,1,0,C,False,Mr,2,1
622,1.0,1,male,1,0,S,True,Mr,3,3
623,1.0,3,male,1,1,C,False,Mr,0,2
624,0.0,3,male,0,0,S,False,Mr,0,0
625,0.0,3,male,0,0,S,False,Mr,0,2
626,0.0,1,male,0,0,S,True,Mr,3,3
627,0.0,2,male,0,0,Q,False,Unique,3,1
628,1.0,1,female,0,0,S,True,Miss,0,3
629,0.0,3,male,0,0,S,False,Mr,1,0
630,0.0,3,male,0,0,Q,False,Mr,1,0
631,1.0,1,male,0,0,S,True,Mr,3,2
632,0.0,3,male,0,0,S,False,Mr,3,0
633,1.0,1,male,0,0,C,True,Unique,2,2
634,0.0,1,male,0,0,S,False,Mr,3,0
635,0.0,3,female,3,2,S,False,Miss,0,2
636,1.0,2,female,0,0,S,False,Miss,2,1
637,0.0,3,male,0,0,S,False,Mr,2,1
638,0.0,2,male,1,1,S,False,Mr,2,2
639,0.0,3,female,0,5,S,False,Mrs,3,3
640,0.0,3,male,1,0,S,False,Mr,1,2
641,0.0,3,male,0,0,S,False,Mr,0,0
642,1.0,1,female,0,0,C,True,Miss,1,3
643,0.0,3,female,3,2,S,False,Miss,0,2
644,1.0,3,male,0,0,S,False,Mr,1,3
645,1.0,3,female,2,1,C,False,Miss,0,2
646,1.0,1,male,1,0,C,True,Mr,3,3
647,0.0,3,male,0,0,S,False,Mr,0,0
648,1.0,1,male,0,0,C,True,Unique,3,3
649,0.0,3,male,0,0,S,False,Mr,1,0
650,1.0,3,female,0,0,S,False,Miss,1,0
651,0.0,3,male,0,0,S,False,Mr,1,0
652,1.0,2,female,0,1,S,False,Miss,0,2
653,0.0,3,male,0,0,S,False,Mr,0,1
654,1.0,3,female,0,0,Q,False,Miss,0,0
655,0.0,3,female,0,0,Q,False,Miss,0,0
656,0.0,2,male,2,0,S,False,Mr,1,3
657,0.0,3,male,0,0,S,False,Mr,1,0
658,0.0,3,female,1,1,Q,False,Mrs,2,2
659,0.0,2,male,0,0,S,False,Mr,1,1
660,0.0,1,male,0,2,C,True,Mr,3,3
661,1.0,1,male,2,0,S,False,Unique,3,3
662,0.0,3,male,0,0,C,False,Mr,3,0
663,0.0,1,male,0,0,S,True,Mr,3,2
664,0.0,3,male,0,0,S,False,Mr,2,0
665,1.0,3,male,1,0,S,False,Mr,0,1
666,0.0,2,male,2,0,S,False,Mr,2,3
667,0.0,2,male,0,0,S,False,Mr,1,1
668,0.0,3,male,0,0,S,False,Mr,1,0
669,0.0,3,male,0,0,S,False,Mr,3,1
670,1.0,1,female,1,0,S,True,Mrs,2,3
671,1.0,2,female,1,1,S,False,Mrs,3,3
672,0.0,1,male,1,0,S,True,Mr,2,3
673,0.0,2,male,0,0,S,False,Mr,3,1
674,1.0,2,male,0,0,S,False,Mr,2,1
675,0.0,2,male,0,0,S,False,Mr,2,0
676,0.0,3,male,0,0,S,False,Mr,0,0
677,0.0,3,male,0,0,S,False,Mr,1,1
678,1.0,3,female,0,0,S,False,Miss,0,1
679,0.0,3,female,1,6,S,False,Mrs,3,3
680,1.0,1,male,0,1,C,True,Mr,2,3
681,0.0,3,female,0,0,Q,False,Miss,0,1
682,1.0,1,male,0,0,C,True,Mr,2,3
683,0.0,3,male,0,0,S,False,Mr,0,1
684,0.0,3,male,5,2,S,False,Mr,0,3
685,0.0,2,male,1,1,S,False,Mr,3,3
686,0.0,2,male,1,2,C,False,Mr,1,3
687,0.0,3,male,4,1,S,False,Mr,0,3
688,0.0,3,male,0,0,S,False,Mr,0,1
689,0.0,3,male,0,0,S,False,Mr,0,0
690,1.0,1,female,0,1,S,True,Miss,0,3
691,1.0,1,male,1,0,S,True,Mr,2,3
692,1.0,3,female,0,1,C,False,Miss,0,1
693,1.0,3,male,0,0,S,False,Mr,1,3
694,0.0,3,male,0,0,C,False,Mr,1,0
695,0.0,1,male,0,0,S,False,Unique,3,2
696,0.0,2,male,0,0,S,False,Mr,3,1
697,0.0,3,male,0,0,S,False,Mr,3,1
698,1.0,3,female,0,0,Q,False,Miss,0,0
699,0.0,1,male,1,1,C,True,Mr,3,3
700,0.0,3,male,0,0,S,True,Mr,3,0
701,1.0,1,female,1,0,C,True,Mrs,0,3
702,1.0,1,male,0,0,S,True,Mr,2,2
703,0.0,3,female,0,1,C,False,Miss,0,1
704,0.0,3,male,0,0,Q,False,Mr,1,0
705,0.0,3,male,1,0,S,False,Mr,1,0
706,0.0,2,male,0,0,S,False,Mr,3,2
707,1.0,2,female,0,0,S,False,Mrs,3,1
708,1.0,1,male,0,0,S,True,Mr,3,2
709,1.0,1,female,0,0,S,False,Miss,0,3
710,1.0,3,male,1,1,C,False,Master,1,2
711,1.0,1,female,0,0,C,True,Miss,1,3
712,0.0,1,male,0,0,S,True,Mr,3,2
713,1.0,1,male,1,0,S,True,Mr,3,3
714,0.0,3,male,0,0,S,False,Mr,2,1
715,0.0,2,male,0,0,S,False,Mr,3,1
716,0.0,3,male,0,0,S,True,Mr,0,0
717,1.0,1,female,0,0,C,True,Miss,3,3
718,1.0,2,female,0,0,S,True,Miss,2,1
719,0.0,3,male,0,0,Q,False,Mr,1,2
720,0.0,3,male,0,0,S,False,Mr,2,0
721,1.0,2,female,0,1,S,False,Miss,0,3
722,0.0,3,male,1,0,S,False,Mr,0,0
723,0.0,2,male,0,0,S,False,Mr,2,1
724,0.0,2,male,0,0,S,False,Mr,3,1
725,1.0,1,male,1,0,S,True,Mr,2,3
726,0.0,3,male,0,0,S,False,Mr,0,1
727,1.0,2,female,3,0,S,False,Mrs,2,2
728,1.0,3,female,0,0,Q,False,Miss,0,0
729,0.0,2,male,1,0,S,False,Mr,1,2
730,0.0,3,female,1,0,S,False,Miss,1,1
731,1.0,1,female,0,0,S,True,Miss,2,3
732,0.0,3,male,0,0,C,False,Mr,0,2
733,0.0,2,male,0,0,S,False,Mr,2,0
734,0.0,2,male,0,0,S,False,Mr,1,1
735,0.0,2,male,0,0,S,False,Mr,1,1
736,0.0,3,male,0,0,S,False,Mr,2,2
737,0.0,3,female,1,3,S,False,Mrs,3,3
738,1.0,1,male,0,0,C,True,Mr,2,3
739,0.0,3,male,0,0,S,False,Mr,1,0
740,0.0,3,male,0,0,S,False,Mr,1,0
741,1.0,1,male,0,0,S,True,Mr,3,2
742,0.0,1,male,1,0,S,True,Mr,2,3
743,1.0,1,female,2,2,C,True,Miss,0,3
744,0.0,3,male,1,0,S,False,Mr,1,2
745,1.0,3,male,0,0,S,False,Mr,2,1
746,0.0,1,male,1,1,S,True,Unique,3,3
747,0.0,3,male,1,1,S,False,Mr,0,2
748,1.0,2,female,0,0,S,False,Miss,2,1
749,0.0,1,male,1,0,S,True,Mr,0,3
750,0.0,3,male,0,0,Q,False,Mr,2,0
751,1.0,2,female,1,1,S,False,Miss,0,2
752,1.0,3,male,0,1,S,True,Master,0,1
753,0.0,3,male,0,0,S,False,Mr,2,1
754,0.0,3,male,0,0,S,False,Mr,1,0
755,1.0,2,female,1,2,S,False,Mrs,3,3
756,1.0,2,male,1,1,S,False,Master,0,2
757,0.0,3,male,0,0,S,False,Mr,2,0
758,0.0,2,male,0,0,S,False,Mr,0,1
759,0.0,3,male,0,0,S,False,Mr,2,1
760,1.0,1,female,0,0,S,True,Unique,2,3
761,0.0,3,male,0,0,S,False,Mr,1,2
762,0.0,3,male,0,0,S,False,Mr,3,0
763,1.0,3,male,0,0,C,False,Mr,0,0
764,1.0,1,female,1,2,S,True,Mrs,2,3
765,0.0,3,male,0,0,S,False,Mr,0,0
766,1.0,1,female,1,0,S,True,Mrs,3,3
767,0.0,1,male,0,0,C,False,Unique,3,3
768,0.0,3,female,0,0,Q,False,Miss,2,0
769,0.0,3,male,1,0,Q,False,Mr,1,2
770,0.0,3,male,0,0,S,False,Mr,2,1
771,0.0,3,male,0,0,S,False,Mr,1,1
772,0.0,3,male,0,0,S,False,Mr,3,0
773,0.0,2,female,0,0,S,True,Mrs,3,1
774,0.0,3,male,0,0,C,False,Mr,1,0
775,1.0,2,female,1,3,S,False,Mrs,3,2
776,0.0,3,male,0,0,S,False,Mr,0,0
777,0.0,3,male,0,0,Q,True,Mr,1,0
778,1.0,3,female,0,0,S,False,Miss,0,1
779,0.0,3,male,0,0,Q,False,Mr,1,0
780,1.0,1,female,0,1,S,True,Mrs,3,3
781,1.0,3,female,0,0,C,False,Miss,0,0
782,1.0,1,female,1,0,S,True,Mrs,0,3
783,0.0,1,male,0,0,S,True,Mr,2,2
784,0.0,3,male,1,2,S,False,Mr,1,2
785,0.0,3,male,0,0,S,False,Mr,1,0
786,0.0,3,male,0,0,S,False,Mr,1,0
787,1.0,3,female,0,0,S,False,Miss,0,0
788,0.0,3,male,4,1,Q,False,Master,0,2
789,1.0,3,male,1,2,S,False,Master,0,2
790,0.0,1,male,0,0,C,True,Mr,3,3
791,0.0,3,male,0,0,Q,False,Mr,1,0
792,0.0,2,male,0,0,S,False,Mr,0,2
793,0.0,3,female,8,2,S,False,Miss,0,3
794,0.0,1,male,0,0,C,False,Mr,3,2
795,0.0,3,male,0,0,S,False,Mr,1,0
796,0.0,2,male,0,0,S,False,Mr,3,1
797,1.0,1,female,0,0,S,True,Unique,3,2
798,1.0,3,female,0,0,S,False,Mrs,2,1
799,0.0,3,male,0,0,C,False,Mr,2,0
800,0.0,3,female,1,1,S,False,Mrs,2,2
801,0.0,2,male,0,0,S,False,Mr,2,1
802,1.0,2,female,1,1,S,False,Mrs,2,2
803,1.0,1,male,1,2,S,True,Master,0,3
804,1.0,3,male,0,1,C,False,Master,0,1
805,1.0,3,male,0,0,S,False,Mr,2,0
806,0.0,3,male,0,0,S,False,Mr,2,0
807,0.0,1,male,0,0,S,True,Mr,3,0
808,0.0,3,female,0,0,S,False,Miss,0,0
809,0.0,2,male,0,0,S,False,Mr,3,1
810,1.0,1,female,1,0,S,True,Mrs,2,3
811,0.0,3,male,0,0,S,False,Mr,1,0
812,0.0,3,male,0,0,S,False,Mr,3,2
813,0.0,2,male,0,0,S,False,Mr,2,1
814,0.0,3,female,4,2,S,False,Miss,0,2
815,0.0,3,male,0,0,S,False,Mr,2,1
816,0.0,1,male,0,0,S,True,Mr,3,0
817,0.0,3,female,0,0,S,False,Miss,1,1
818,0.0,2,male,1,1,C,False,Mr,2,3
819,0.0,3,male,0,0,S,False,Mr,3,0
820,0.0,3,male,3,2,S,False,Master,0,2
821,1.0,1,female,1,1,S,True,Mrs,3,3
822,1.0,3,male,0,0,S,False,Mr,2,1
823,0.0,1,male,0,0,S,False,Unique,3,0
824,1.0,3,female,0,1,S,True,Mrs,2,1
825,0.0,3,male,4,1,S,False,Master,0,3
826,0.0,3,male,0,0,Q,False,Mr,1,0
827,0.0,3,male,0,0,S,False,Mr,1,3
828,1.0,2,male,0,2,C,False,Master,0,3
829,1.0,3,male,0,0,Q,False,Mr,1,0
830,1.0,1,female,0,0,S,True,Mrs,3,3
831,1.0,3,female,1,0,C,False,Mrs,0,1
832,1.0,2,male,1,1,S,False,Master,0,2
833,0.0,3,male,0,0,C,False,Mr,1,0
834,0.0,3,male,0,0,S,False,Mr,1,0
835,0.0,3,male,0,0,S,False,Mr,0,1
836,1.0,1,female,1,1,C,True,Miss,3,3
837,0.0,3,male,0,0,S,False,Mr,0,1
838,0.0,3,male,0,0,S,False,Mr,1,1
839,1.0,3,male,0,0,S,False,Mr,2,3
840,1.0,1,male,0,0,C,True,Mr,3,2
841,0.0,3,male,0,0,S,False,Mr,0,1
842,0.0,2,male,0,0,S,False,Mr,0,1
843,1.0,1,female,0,0,C,False,Miss,2,2
844,0.0,3,male,0,0,C,False,Mr,2,0
845,0.0,3,male,0,0,S,False,Mr,0,1
846,0.0,3,male,0,0,S,False,Mr,3,0
847,0.0,3,male,8,2,S,False,Mr,1,3
848,0.0,3,male,0,0,C,False,Mr,2,0
849,0.0,2,male,0,1,S,False,Unique,2,3
850,1.0,1,female,1,0,C,True,Mrs,2,3
851,0.0,3,male,4,2,S,False,Master,0,2
852,0.0,3,male,0,0,S,False,Mr,3,0
853,0.0,3,female,1,1,C,False,Miss,0,2
854,1.0,1,female,0,1,S,True,Miss,0,3
855,0.0,2,female,1,0,S,False,Mrs,3,2
856,1.0,3,female,0,1,S,False,Mrs,0,1
857,1.0,1,female,1,1,S,False,Mrs,3,3
858,1.0,1,male,0,0,S,True,Mr,3,2
859,1.0,3,female,0,3,C,False,Mrs,1,2
860,0.0,3,male,0,0,C,False,Mr,1,0
861,0.0,3,male,2,0,S,False,Mr,3,1
862,0.0,2,male,1,0,S,False,Mr,0,1
863,1.0,1,female,0,0,S,True,Mrs,3,2
864,0.0,3,female,8,2,S,False,Miss,0,3
865,0.0,2,male,0,0,S,False,Mr,1,1
866,1.0,2,female,0,0,S,False,Mrs,3,1
867,1.0,2,female,1,0,C,False,Miss,2,1
868,0.0,1,male,0,0,S,True,Mr,2,3
869,0.0,3,male,0,0,S,False,Mr,1,1
870,1.0,3,male,1,1,S,False,Master,0,1
871,0.0,3,male,0,0,S,False,Mr,1,0
872,1.0,1,female,1,1,S,True,Mrs,3,3
873,0.0,1,male,0,0,S,True,Mr,2,0
874,0.0,3,male,0,0,S,False,Mr,3,1
875,1.0,2,female,1,0,C,False,Mrs,2,2
876,1.0,3,female,0,0,C,False,Miss,0,0
877,0.0,3,male,0,0,S,False,Mr,0,1
878,0.0,3,male,0,0,S,False,Mr,0,0
879,0.0,3,male,0,0,S,False,Mr,1,0
880,1.0,1,female,0,1,C,True,Mrs,3,3
881,1.0,2,female,0,1,S,False,Mrs,1,2
882,0.0,3,male,0,0,S,False,Mr,2,0
883,0.0,3,female,0,0,S,False,Miss,0,1
884,0.0,2,male,0,0,S,False,Mr,2,1
885,0.0,3,male,0,0,S,False,Mr,1,0
886,0.0,3,female,0,5,Q,False,Mrs,3,2
887,0.0,2,male,0,0,S,False,Unique,2,1
888,1.0,1,female,0,0,S,True,Miss,0,2
889,0.0,3,female,1,2,S,False,Miss,0,2
890,1.0,1,male,0,0,C,True,Mr,1,2
891,0.0,3,male,0,0,Q,False,Mr,2,0
892,,3,male,0,0,Q,False,Mr,2,0
893,,3,female,1,0,S,False,Mrs,3,0
894,,2,male,0,0,Q,False,Mr,3,1
895,,3,male,0,0,S,False,Mr,2,1
896,,3,female,1,1,S,False,Mrs,0,1
897,,3,male,0,0,S,False,Mr,0,1
898,,3,female,0,0,Q,False,Miss,2,0
899,,2,male,1,1,S,False,Mr,1,2
900,,3,female,0,0,C,False,Mrs,0,0
901,,3,male,2,0,S,False,Mr,0,2
902,,3,male,0,0,S,False,Mr,1,0
903,,1,male,0,0,S,False,Mr,3,2
904,,1,female,1,0,S,True,Mrs,1,3
905,,2,male,1,0,S,False,Mr,3,2
906,,1,female,1,0,S,True,Mrs,3,3
907,,2,female,1,0,C,False,Mrs,1,2
908,,2,male,0,0,Q,False,Mr,2,1
909,,3,male,0,0,C,False,Mr,0,0
910,,3,female,1,0,S,False,Miss,2,1
911,,3,female,0,0,C,False,Mrs,3,0
912,,1,male,1,0,C,False,Mr,3,3
913,,3,male,0,1,S,False,Master,0,0
914,,1,female,0,0,S,False,Mrs,2,3
915,,1,male,0,1,C,False,Mr,0,3
916,,1,female,1,3,C,True,Mrs,3,3
917,,3,male,1,0,S,False,Mr,3,2
918,,1,female,0,1,C,True,Miss,0,3
919,,3,male,0,0,C,False,Mr,1,0
920,,1,male,0,0,S,True,Mr,3,2
921,,3,male,2,0,C,False,Mr,1,2
922,,2,male,1,0,S,False,Mr,3,2
923,,2,male,2,0,S,False,Mr,1,3
924,,3,female,1,2,S,False,Mrs,2,2
925,,3,female,1,2,S,False,Mrs,0,2
926,,1,male,1,0,C,True,Mr,2,3
927,,3,male,0,0,C,False,Mr,0,0
928,,3,female,0,0,S,False,Miss,0,1
929,,3,female,0,0,S,False,Miss,0,1
930,,3,male,0,0,S,False,Mr,1,1
931,,3,male,0,0,S,False,Mr,1,3
932,,3,male,0,1,C,False,Mr,3,1
933,,1,male,0,0,S,True,Mr,3,2
934,,3,male,0,0,S,False,Mr,3,0
935,,2,female,0,0,S,False,Mrs,2,1
936,,1,female,1,0,S,True,Mrs,3,3
937,,3,male,0,0,S,False,Mr,1,1
938,,1,male,0,0,C,True,Mr,3,2
939,,3,male,0,0,Q,False,Mr,1,0
940,,1,female,0,0,C,True,Mrs,3,3
941,,3,female,0,2,S,False,Mrs,2,2
942,,1,male,1,0,S,True,Mr,1,3
943,,2,male,0,0,C,False,Mr,2,2
944,,2,female,2,1,S,False,Miss,0,2
945,,1,female,3,2,S,True,Miss,2,3
946,,2,male,0,0,C,False,Mr,2,2
947,,3,male,4,1,Q,False,Master,0,2
948,,3,male,0,0,S,False,Mr,2,0
949,,3,male,0,0,S,True,Mr,1,0
950,,3,male,1,0,S,False,Mr,1,2
951,,1,female,0,0,C,True,Miss,2,3
952,,3,male,0,0,S,False,Mr,0,0
953,,2,male,0,0,S,False,Mr,2,1
954,,3,male,0,0,S,False,Mr,0,0
955,,3,female,0,0,Q,False,Miss,0,0
956,,1,male,2,2,C,True,Master,0,3
957,,2,female,0,0,S,False,Mrs,2,2
958,,3,female,0,0,Q,False,Miss,0,0
959,,1,male,0,0,S,False,Mr,3,3
960,,1,male,0,0,C,True,Mr,2,2
961,,1,female,1,4,S,True,Mrs,3,3
962,,3,female,0,0,Q,False,Miss,1,0
963,,3,male,0,0,S,False,Mr,0,0
964,,3,female,0,0,S,False,Miss,2,1
965,,1,male,0,0,C,True,Mr,2,2
966,,1,female,0,0,C,True,Miss,2,3
967,,1,male,0,0,C,True,Mr,2,3
968,,3,male,0,0,S,False,Mr,1,1
969,,1,female,2,0,S,True,Mrs,3,2
970,,2,male,0,0,S,False,Mr,2,1
971,,3,female,0,0,Q,False,Miss,1,0
972,,3,male,1,1,C,False,Master,0,2
973,,1,male,1,0,S,True,Mr,3,3
974,,1,male,0,0,S,False,Mr,3,2
975,,3,male,0,0,S,False,Mr,1,0
976,,2,male,0,0,Q,False,Mr,2,1
977,,3,male,1,0,C,False,Mr,1,1
978,,3,female,0,0,Q,False,Miss,2,0
979,,3,female,0,0,S,False,Miss,0,1
980,,3,female,0,0,Q,False,Miss,0,0
981,,2,male,1,1,S,False,Master,0,2
982,,3,female,1,0,S,False,Mrs,0,1
983,,3,male,0,0,S,False,Mr,1,0
984,,1,female,1,2,S,True,Mrs,2,3
985,,3,male,0,0,S,False,Mr,1,1
986,,1,male,0,0,C,False,Mr,1,2
987,,3,male,0,0,S,False,Mr,1,0
988,,1,female,1,0,S,True,Mrs,3,3
989,,3,male,0,0,S,False,Mr,2,1
990,,3,female,0,0,S,False,Miss,0,0
991,,3,male,0,0,S,False,Mr,2,1
992,,1,female,1,0,C,True,Mrs,3,3
993,,2,male,1,0,S,False,Mr,2,2
994,,3,male,0,0,Q,False,Mr,1,0
995,,3,male,0,0,S,False,Mr,1,0
996,,3,female,1,1,C,False,Mrs,0,1
997,,3,male,0,0,S,False,Mr,2,2
998,,3,male,0,0,Q,False,Mr,0,0
999,,3,male,0,0,Q,False,Mr,1,0
1000,,3,male,0,0,S,False,Mr,1,1
1001,,2,male,0,0,S,True,Mr,0,1
1002,,2,male,0,0,C,False,Mr,3,2
1003,,3,female,0,0,Q,False,Miss,0,0
1004,,1,female,0,0,C,True,Miss,2,3
1005,,3,female,0,0,Q,False,Miss,0,0
1006,,1,female,1,0,S,True,Mrs,3,3
1007,,3,male,1,0,C,False,Mr,0,1
1008,,3,male,0,0,C,False,Mr,1,0
1009,,3,female,1,1,S,True,Miss,0,2
1010,,1,male,0,0,C,True,Mr,2,3
1011,,2,female,1,0,S,False,Mrs,2,2
1012,,2,female,0,0,S,False,Miss,0,2
1013,,3,male,1,0,Q,False,Mr,1,0
1014,,1,female,1,0,C,True,Mrs,2,3
1015,,3,male,0,0,S,False,Mr,2,0
1016,,3,male,0,0,Q,False,Mr,1,0
1017,,3,female,0,1,S,False,Miss,0,2
1018,,3,male,0,0,S,False,Mr,0,0
1019,,3,female,2,0,Q,False,Miss,0,2
1020,,2,male,0,0,S,False,Mr,3,1
1021,,3,male,0,0,S,False,Mr,1,1
1022,,3,male,0,0,S,False,Mr,2,1
1023,,1,male,0,0,C,True,Unique,3,2
1024,,3,female,0,4,S,False,Mrs,0,2
1025,,3,male,1,0,C,False,Mr,1,0
1026,,3,male,0,0,S,False,Mr,3,0
1027,,3,male,0,0,S,False,Mr,1,0
1028,,3,male,0,0,C,False,Mr,2,0
1029,,2,male,0,0,S,False,Mr,1,1
1030,,3,female,0,0,S,False,Miss,1,1
1031,,3,male,1,6,S,False,Mr,3,3
1032,,3,female,5,2,S,False,Miss,0,3
1033,,1,female,0,0,S,False,Miss,2,3
1034,,1,male,1,3,C,True,Mr,3,3
1035,,2,male,0,0,S,False,Mr,2,2
1036,,1,male,0,0,S,False,Mr,3,2
1037,,3,male,3,0,S,False,Mr,2,2
1038,,1,male,0,0,S,True,Mr,3,3
1039,,3,male,0,0,S,False,Mr,0,1
1040,,1,male,0,0,S,False,Mr,3,2
1041,,2,male,1,1,S,False,Unique,2,2
1042,,1,female,0,1,C,True,Mrs,1,3
1043,,3,male,0,0,C,False,Mr,1,0
1044,,3,male,0,0,S,False,Mr,3,1
1045,,3,female,0,2,S,False,Mrs,2,1
1046,,3,male,4,2,S,False,Master,0,3
1047,,3,male,0,0,S,False,Mr,1,0
1048,,1,female,0,0,S,True,Miss,2,3
1049,,3,female,0,0,S,False,Miss,1,0
1050,,1,male,0,0,S,True,Mr,3,2
1051,,3,female,0,2,S,False,Mrs,1,1
1052,,3,female,0,0,Q,False,Miss,0,0
1053,,3,male,1,1,C,False,Master,0,2
1054,,2,female,0,0,S,False,Miss,1,1
1055,,3,male,0,0,S,False,Mr,1,0
1056,,2,male,0,0,S,False,Unique,3,1
1057,,3,female,1,1,S,False,Mrs,1,2
1058,,1,male,0,0,C,True,Mr,3,3
1059,,3,male,2,2,S,False,Mr,0,3
1060,,1,female,0,0,C,False,Mrs,2,2
1061,,3,female,0,0,S,False,Miss,0,1
1062,,3,male,0,0,S,False,Mr,1,0
1063,,3,male,0,0,C,False,Mr,2,0
1064,,3,male,1,0,S,False,Mr,1,1
1065,,3,male,0,0,C,False,Mr,1,0
1066,,3,male,1,5,S,False,Mr,3,3
1067,,2,female,0,2,S,False,Miss,0,3
1068,,2,female,0,0,S,False,Miss,0,3
1069,,1,male,1,0,C,True,Mr,3,3
1070,,2,female,0,3,S,True,Mrs,2,3
1071,,1,female,0,2,C,True,Mrs,3,3
1072,,2,male,0,0,S,False,Mr,2,1
1073,,1,male,1,1,C,True,Mr,3,3
1074,,1,female,1,0,S,True,Mrs,0,3
1075,,3,male,0,0,Q,False,Mr,1,0
1076,,1,female,1,1,C,True,Mrs,2,3
1077,,2,male,0,0,S,False,Mr,3,2
1078,,2,female,0,1,S,False,Miss,0,2
1079,,3,male,2,0,S,False,Mr,0,1
1080,,3,female,8,2,S,False,Miss,0,3
1081,,2,male,0,0,S,False,Mr,3,1
1082,,2,male,1,0,S,False,Mr,2,2
1083,,1,male,0,0,S,False,Mr,3,2
1084,,3,male,1,1,S,False,Master,0,2
1085,,2,male,0,0,Q,False,Mr,3,1
1086,,2,male,0,2,S,False,Master,0,3
1087,,3,male,0,0,S,False,Mr,2,0
1088,,1,male,0,2,C,True,Master,0,3
1089,,3,female,0,0,S,False,Miss,0,0
1090,,2,male,0,0,S,False,Mr,1,1
1091,,3,female,0,0,S,False,Mrs,0,1
1092,,3,female,0,0,Q,False,Miss,0,2
1093,,3,male,0,2,S,False,Master,0,1
1094,,1,male,1,0,C,True,Unique,3,3
1095,,2,female,1,1,S,False,Miss,0,2
1096,,2,male,0,0,S,False,Mr,1,1
1097,,1,male,0,0,C,False,Mr,3,2
1098,,3,female,0,0,Q,False,Miss,2,0
1099,,2,male,0,0,S,False,Mr,1,1
1100,,1,female,0,0,C,True,Miss,2,2
1101,,3,male,0,0,S,False,Mr,1,0
1102,,3,male,0,0,S,False,Mr,2,2
1103,,3,male,0,0,S,False,Mr,1,0
1104,,2,male,0,0,S,False,Mr,0,3
1105,,2,female,1,0,S,False,Mrs,3,2
1106,,3,female,4,2,S,False,Miss,3,0
1107,,1,male,0,0,S,True,Mr,3,3
1108,,3,female,0,0,Q,False,Miss,0,0
1109,,1,male,1,1,S,False,Mr,3,3
1110,,1,female,1,1,C,True,Mrs,3,3
1111,,3,male,0,0,S,False,Mr,1,1
1112,,2,female,1,0,C,False,Miss,2,1
1113,,3,male,0,0,S,False,Mr,0,1
1114,,2,female,0,0,S,True,Mrs,0,1
1115,,3,male,0,0,S,False,Mr,0,0
1116,,1,female,0,0,C,False,Mrs,3,2
1117,,3,female,0,2,C,False,Mrs,0,2
1118,,3,male,0,0,S,False,Mr,1,0
1119,,3,female,0,0,Q,False,Miss,0,0
1120,,3,male,0,0,S,False,Mr,3,2
1121,,2,male,0,0,S,False,Mr,2,1
1122,,2,male,0,0,S,False,Mr,0,3
1123,,1,female,0,0,S,False,Miss,0,2
1124,,3,male,1,0,S,False,Mr,0,0
1125,,3,male,0,0,Q,False,Mr,1,0
1126,,1,male,1,0,C,True,Mr,3,3
1127,,3,male,0,0,S,False,Mr,0,0
1128,,1,male,1,0,C,True,Mr,3,3
1129,,3,male,0,0,C,False,Mr,0,0
1130,,2,female,1,1,S,False,Miss,0,1
1131,,1,female,1,0,C,True,Mrs,3,3
1132,,1,female,0,0,C,False,Mrs,3,2
1133,,2,female,0,2,S,False,Mrs,3,2
1134,,1,male,1,1,C,True,Mr,3,3
1135,,3,male,0,0,S,False,Mr,1,0
1136,,3,male,1,2,S,False,Master,1,2
1137,,1,male,1,0,S,True,Mr,3,3
1138,,2,female,0,0,S,False,Mrs,0,2
1139,,2,male,1,1,S,False,Mr,3,3
1140,,2,female,1,0,S,False,Mrs,2,2
1141,,3,female,1,0,C,False,Mrs,0,1
1142,,2,female,1,2,S,False,Miss,0,2
1143,,3,male,0,0,S,False,Mr,0,1
1144,,1,male,1,0,C,True,Mr,2,3
1145,,3,male,0,0,S,False,Mr,1,1
1146,,3,male,0,0,S,False,Mr,2,1
1147,,3,male,0,0,S,False,Mr,1,0
1148,,3,male,0,0,Q,False,Mr,1,0
1149,,3,male,0,0,S,False,Mr,2,1
1150,,2,female,0,0,S,False,Miss,0,1
1151,,3,male,0,0,S,False,Mr,0,0
1152,,3,male,1,0,S,False,Mr,3,2
1153,,3,male,0,0,S,False,Mr,0,0
1154,,2,female,0,2,S,False,Mrs,2,2
1155,,3,female,1,1,S,False,Miss,0,1
1156,,2,male,0,0,C,False,Mr,2,1
1157,,3,male,0,0,S,False,Mr,1,0
1158,,1,male,0,0,S,False,Mr,3,0
1159,,3,male,0,0,S,False,Mr,1,0
1160,,3,female,0,0,S,False,Miss,0,1
1161,,3,male,0,0,S,False,Mr,0,1
1162,,1,male,0,0,C,True,Mr,3,3
1163,,3,male,0,0,Q,False,Mr,1,0
1164,,1,female,1,0,C,True,Mrs,1,3
1165,,3,female,1,0,Q,False,Miss,0,2
1166,,3,male,0,0,C,False,Mr,1,0
1167,,2,female,1,0,S,False,Miss,0,2
1168,,2,male,0,0,S,False,Mr,2,1
1169,,2,male,1,0,S,False,Mr,3,2
1170,,2,male,1,0,S,False,Mr,2,2
1171,,2,male,0,0,S,False,Mr,0,1
1172,,3,female,0,0,S,False,Miss,1,1
1173,,3,male,1,1,S,False,Master,0,1
1174,,3,female,0,0,Q,False,Miss,0,0
1175,,3,female,1,1,C,False,Miss,0,2
1176,,3,female,1,1,S,False,Miss,0,2
1177,,3,male,0,0,S,False,Mr,2,0
1178,,3,male,0,0,S,False,Mr,1,0
1179,,1,male,1,0,S,True,Mr,1,3
1180,,3,male,0,0,C,True,Mr,1,0
1181,,3,male,0,0,S,False,Mr,1,1
1182,,1,male,0,0,S,False,Mr,3,3
1183,,3,female,0,0,Q,False,Miss,2,0
1184,,3,male,0,0,C,False,Mr,1,0
1185,,1,male,1,1,S,True,Unique,3,3
1186,,3,male,0,0,S,False,Mr,2,1
1187,,3,male,0,0,S,False,Mr,1,0
1188,,2,female,1,2,C,False,Miss,0,3
1189,,3,male,2,0,C,False,Mr,1,2
1190,,1,male,0,0,S,False,Mr,2,3
1191,,3,male,0,0,S,False,Mr,2,0
1192,,3,male,0,0,S,False,Mr,2,0
1193,,2,male,0,0,C,True,Mr,2,2
1194,,2,male,0,1,S,False,Mr,3,2
1195,,3,male,0,0,S,False,Mr,1,1
1196,,3,female,0,0,Q,False,Miss,0,0
1197,,1,female,1,1,S,True,Mrs,3,2
1198,,1,male,1,2,S,True,Mr,2,3
1199,,3,male,0,1,S,False,Master,0,1
1200,,1,male,1,1,S,True,Mr,3,3
1201,,3,female,1,0,S,False,Mrs,3,1
1202,,3,male,0,0,S,False,Mr,0,1
1203,,3,male,0,0,C,False,Mr,0,0
1204,,3,male,0,0,S,False,Mr,1,0
1205,,3,female,0,0,Q,False,Miss,3,0
1206,,1,female,0,0,C,True,Mrs,3,3
1207,,3,female,0,0,Q,False,Miss,0,0
1208,,1,male,1,0,C,True,Mr,3,3
1209,,2,male,0,0,S,False,Mr,0,1
1210,,3,male,0,0,S,False,Mr,2,0
1211,,2,male,2,0,S,False,Mr,0,3
1212,,3,male,0,0,S,False,Mr,1,0
1213,,3,male,0,0,C,True,Mr,1,0
1214,,2,male,0,0,S,True,Mr,1,1
1215,,1,male,0,0,S,False,Mr,2,2
1216,,1,female,0,0,S,False,Miss,3,3
1217,,3,male,0,0,S,False,Mr,1,0
1218,,2,female,2,1,S,True,Miss,0,3
1219,,1,male,0,0,C,False,Mr,3,3
1220,,2,male,1,0,S,False,Mr,2,2
1221,,2,male,0,0,S,False,Mr,0,1
1222,,2,female,0,2,S,False,Mrs,3,3
1223,,1,male,0,0,C,True,Mr,3,2
1224,,3,male,0,0,C,False,Mr,1,0
1225,,3,female,1,1,C,False,Mrs,0,2
1226,,3,male,0,0,S,False,Mr,2,0
1227,,1,male,0,0,S,True,Mr,2,2
1228,,2,male,0,0,S,False,Mr,2,1
1229,,3,male,0,2,C,False,Mr,3,0
1230,,2,male,0,0,S,False,Mr,1,3
1231,,3,male,0,0,C,False,Master,1,0
1232,,2,male,0,0,S,False,Mr,0,1
1233,,3,male,0,0,S,False,Mr,2,0
1234,,3,male,1,9,S,False,Mr,1,3
1235,,1,female,0,1,C,True,Mrs,3,3
1236,,3,male,1,1,S,False,Master,1,2
1237,,3,female,0,0,S,False,Miss,0,0
1238,,2,male,0,0,S,False,Mr,1,1
1239,,3,female,0,0,C,False,Mrs,3,0
1240,,2,male,0,0,S,False,Mr,1,1
1241,,2,female,0,0,S,False,Miss,2,2
1242,,1,female,0,1,C,True,Mrs,3,3
1243,,2,male,0,0,S,False,Mr,1,1
1244,,2,male,0,0,S,False,Mr,0,3
1245,,2,male,1,2,S,False,Mr,3,3
1246,,3,female,1,2,S,False,Miss,0,2
1247,,1,male,0,0,S,True,Mr,3,2
1248,,1,female,2,0,S,True,Mrs,3,3
1249,,3,male,0,0,S,False,Mr,1,0
1250,,3,male,0,0,Q,False,Mr,1,0
1251,,3,female,1,0,S,False,Mrs,2,2
1252,,3,male,8,2,S,False,Master,0,3
1253,,2,female,1,1,C,False,Mrs,1,3
1254,,2,female,0,0,S,False,Mrs,2,2
1255,,3,male,0,0,S,False,Mr,2,1
1256,,1,female,1,0,C,True,Mrs,1,3
1257,,3,female,1,9,S,False,Mrs,0,3
1258,,3,male,1,0,C,False,Mr,1,2
1259,,3,female,0,0,S,False,Miss,0,3
1260,,1,female,0,1,C,False,Mrs,3,3
1261,,2,male,0,0,C,False,Mr,2,1
1262,,2,male,1,0,S,False,Mr,0,1
1263,,1,female,0,0,C,True,Miss,2,3
1264,,1,male,0,0,S,True,Mr,3,0
1265,,2,male,0,0,S,False,Mr,3,1
1266,,1,female,1,1,S,True,Mrs,3,3
1267,,1,female,0,0,C,False,Miss,3,3
1268,,3,female,2,0,S,False,Miss,0,1
1269,,2,male,0,0,S,False,Mr,0,1
1270,,1,male,0,0,S,True,Mr,3,3
1271,,3,male,4,2,S,False,Master,0,3
1272,,3,male,0,0,Q,False,Mr,1,0
1273,,3,male,0,0,Q,False,Mr,1,0
1274,,3,female,0,0,S,False,Mrs,0,2
1275,,3,female,1,0,S,False,Mrs,0,2
1276,,2,male,0,0,S,False,Mr,2,1
1277,,2,female,1,2,S,False,Miss,1,3
1278,,3,male,0,0,S,False,Mr,1,0
1279,,2,male,0,0,S,False,Mr,3,1
1280,,3,male,0,0,Q,False,Mr,0,0
1281,,3,male,3,1,S,False,Master,0,2
1282,,1,male,0,0,S,True,Mr,1,3
1283,,1,female,0,1,S,True,Mrs,3,3
1284,,3,male,0,2,S,False,Master,0,2
1285,,2,male,0,0,S,False,Mr,3,1
1286,,3,male,3,1,S,False,Mr,2,2
1287,,1,female,1,0,S,True,Mrs,0,3
1288,,3,male,0,0,Q,False,Mr,1,0
1289,,1,female,1,1,C,True,Mrs,3,3
1290,,3,male,0,0,S,False,Mr,0,0
1291,,3,male,0,0,Q,False,Mr,2,0
1292,,1,female,0,0,S,True,Miss,2,3
1293,,2,male,1,0,S,False,Mr,3,2
1294,,1,female,0,1,C,False,Miss,0,3
1295,,1,male,0,0,S,False,Mr,0,3
1296,,1,male,1,0,C,True,Mr,3,2
1297,,2,male,0,0,C,True,Mr,0,1
1298,,2,male,1,0,S,False,Mr,1,1
1299,,1,male,1,1,C,True,Mr,3,3
1300,,3,female,0,0,Q,False,Miss,0,0
1301,,3,female,1,1,S,False,Miss,0,1
1302,,3,female,0,0,Q,False,Miss,0,0
1303,,1,female,1,0,Q,True,Mrs,3,3
1304,,3,female,0,0,S,False,Miss,2,0
1305,,3,male,0,0,S,False,Mr,1,1
1306,,1,female,0,0,C,True,Unique,3,3
1307,,3,male,0,0,S,False,Mr,3,0
1308,,3,male,0,0,S,False,Mr,1,1
1309,,3,male,1,1,C,False,Master,1,2
